{
  "brand": "NYX",
  "timestamp": "2025-07-30T18:05:21.348717",
  "data_sources": [
    "ccr",
    "promo",
    "sentiment"
  ],
  "calculated_risk": {
    "final_risk_score": 44.25,
    "risk_level": "HIGH",
    "component_scores": {
      "ccr_risk": 23.84,
      "promotional_risk": 78.64,
      "sentiment_risk": 12.99,
      "comment_intensity": 44.47
    },
    "component_details": {
      "ccr": {
        "ccr_risk_rate_pct": 0.3787878787878788,
        "base_score": 0.8375220663491154,
        "high_risks": 1,
        "medium_risks": 0,
        "low_risks": 0,
        "severity_score": 10,
        "amazon_risks": 1,
        "amazon_bonus": 8,
        "total_ccr_risks": 1,
        "total_risk_bonus": 2,
        "risk_types_count": 1,
        "diversity_bonus": 3,
        "final_score": 23.837522066349116
      },
      "promotional": {
        "promotional_rate": 69.31818181818183,
        "base_score": 46.21212121212122,
        "spam_count": 2,
        "spam_rate": 0.7575757575757576,
        "spam_bonus": 6.993834714734814,
        "repeated_content_rate": 57.57575757575758,
        "repetition_bonus": 11.515151515151516,
        "high_intensity_rate": 55.68181818181818,
        "intensity_bonus": 13.920454545454545,
        "final_score": 78.6415619874621
      },
      "sentiment": {
        "negative_pct": 0.4,
        "organic_negative_pct": 1.2345679012345678,
        "primary_negative_pct": 1.2345679012345678,
        "base_score": 6.528305688326058,
        "mixed_pct": 2.3,
        "mixed_bonus": 4.6000000000000005,
        "negative_emotions_pct": 1.1,
        "emotion_bonus": 0.8250000000000001,
        "high_risk_emotion_bonus": 1.0388366841543808,
        "final_score": 12.992142372480439
      },
      "intensity": {
        "total_comments": 264,
        "actual_daily_avg": 20.3,
        "total_days": 13,
        "used_actual_timestamps": true,
        "volume_score": 6.961759125601434,
        "repeated_content_rate": 57.57575757575758,
        "repetition_score": 30.93419676703921,
        "avg_clustering_efficiency": 18.181818181818183,
        "efficiency_score": 6.573006056537359,
        "final_score": 44.468961949178
      }
    },
    "weights_used": {
      "ccr_risk": 0.05,
      "promotional_risk": 0.3,
      "sentiment_risk": 0.3,
      "comment_intensity": 0.35
    }
  },
  "llm_assessment": {
    "risk_level": "HIGH",
    "key_factors": [
      "Extremely high promotional content rate (69.3%) with significant content repetition (57.6%)",
      "Substantial affiliate marketing presence (138 instances) potentially diluting brand control",
      "High comment intensity clustering (18.2%) suggesting coordinated activity",
      "Presence of spam content (0.76%) indicating inadequate content moderation",
      "Amazon-specific counterfeit concerns, though limited in volume"
    ],
    "reasoning": "The risk assessment confirms a HIGH risk level primarily driven by the overwhelming promotional content saturation. With nearly 70% of all content being promotional in nature and over half of all content being repetitive, NYX is facing a significant brand dilution issue where authentic consumer voices are being drowned out by marketing noise. The dominance of affiliate marketing (138 instances) suggests the brand has relinquished substantial control over its messaging to third parties who may prioritize conversion over brand integrity.\n\nWhile sentiment metrics appear positive on the surface (only 0.4% negative sentiment overall), this is likely masked by the promotional content which tends to be positive by design. The organic negative sentiment rate (1.2%), though still low, is three times higher than the overall rate, suggesting that genuine consumer feedback contains more concerns than initially apparent. The clustering efficiency of 18.2% combined with the high repetition rate indicates potential coordinated promotional campaigns that could appear inauthentic to consumers and potentially trigger platform algorithm penalties.",
    "immediate_actions": [
      "1. Conduct audit of top 10 affiliate partners to assess content quality and alignment with brand guidelines",
      "2. Implement emergency content moderation protocols to identify and remove spam content",
      "3. Investigate the Amazon counterfeit concern and engage with Amazon brand protection services",
      "4. Temporarily reduce promotional campaign intensity by 30% to allow more organic content visibility",
      "5. Deploy social listening tools to capture unfiltered consumer sentiment beyond promotional noise"
    ],
    "long_term_strategy": "1. Develop a balanced content ecosystem with clear guidelines on promotional vs. organic content ratios (target: 40% promotional maximum)\n2. Create an affiliate partner certification program with strict quality controls and content diversity requirements\n3. Implement a promotional content calendar to prevent oversaturation during specific timeframes\n4. Establish a dedicated anti-counterfeit task force with regular monitoring of e-commerce platforms\n5. Develop a UGC (User Generated Content) incentive program to increase authentic consumer voices\n6. Create a sentiment analysis dashboard that separates promotional from organic feedback",
    "business_impact": "1. Brand perception shifting from professional makeup brand to discount/promotional brand identity\n2. Decreased consumer trust due to perceived inauthenticity from repetitive promotional content\n3. Potential algorithm penalties on social platforms reducing organic reach and increasing acquisition costs\n4. Missed product improvement opportunities due to limited genuine consumer feedback\n5. Vulnerability to counterfeit products damaging product experience and brand reputation\n6. Reduced pricing power as heavy promotional activity conditions consumers to expect discounts",
    "monitoring_priorities": "1. Promotional content ratio: Track weekly with alert threshold at >50%, target <40%\n2. Content repetition rate: Alert threshold at >30%, target <20%\n3. Organic sentiment tracking: Separate from promotional content, alert at >5% negative\n4. Counterfeit mentions: Zero tolerance, immediate escalation for any identified instances\n5. Platform engagement metrics: Monitor for declining engagement rates (<2% engagement rate)\n6. Comment clustering: Alert when clustering efficiency exceeds 15%\n7. Spam content: Zero tolerance policy with immediate escalation"
  },
  "final_risk_level": "HIGH",
  "final_risk_score": 44.25
}